{
  "project_info": {
    "project_number": "829391696120",
    "project_id": "visting-cards-storage",
    "storage_bucket": "visting-cards-storage.appspot.com"
  },
  "client": [
    {
      "client_info": {
        "mobilesdk_app_id": "1:829391696120:android:27779709a2cac4c3968b0d",
        "android_client_info": {
          "package_name": "com.example.vistingcardsstorage"
        }
      },
      "oauth_client": [
        {
          "client_id": "829391696120-gjosfhr0858gd4k2fd69mflsv68211i1.apps.googleusercontent.com",
          "client_type": 3
        }
      ],
      "api_key": [
        {
          "current_key": "AIzaSyDlAbNIDxOc6MJIJh2FpOhft-zsVFggd8Q"
        }
      ],
      "services": {
        "appinvite_service": {
          "other_platform_oauth_client": [
            {
              "client_id": "829391696120-gjosfhr0858gd4k2fd69mflsv68211i1.apps.googleusercontent.com",
              "client_type": 3
            }
          ]
        }
      }
    }
  ],
  "configuration_version": "1"
}